0, 3D
1, API
2, API Management
3, API Strategy
4, Accessibility
5, Accounting
6, Accounts
7, Activity Streams
8, Actors
9, Addresses
10, Adoption
11, Adult
12, Advertising
13, Aes
14, African
15, Aggregation
16, Agriculture
17, Air Travel
18, Algorithms
19, Analytics
20, Animals
21, Animation
22, Annotations
23, Application Development
24, Applications
25, Art
26, Artificial Intelligence
27, Asia
28, Astrology
29, Astronomy
30, Attractions
31, Auctions
32, Audio
33, Augmented Reality
34, Australian
35, Authentication
36, Auto
37, Automation
38, Avatars
39, B2B
40, Babies
41, Backend
42, Backend-as-a-Service
43, Background
44, Backup
45, Badges
46, Banking
47, Barcodes
48, Bars
49, Beauty
50, Beer
51, Belgian
52, Best Practices
53, Big Data
54, Billing
55, Bitcoin
56, Blockchain
57, Blogging
58, Bluetooth
59, Boating
60, Booking
61, Bookmarks
62, Books
63, Bots
64, Brazilian
65, Breweries
66, Browsers
67, Budget
68, Business
69, COVID-19
70, Calendars
71, Campaigns
72, Canadian
73, Captcha
74, Catalogs
75, Celebrities
76, Charity
77, Charts
78, Chat
79, Check-In
80, Chinese
81, Cities
82, Civics
83, Classification
84, Classifieds
85, Clothing
86, Cloud
87, Collaboration
88, Collecting
89, Colors
90, Community
91, Comparisons
92, Competitions
93, Compliance
94, Contacts
95, Content
96, Content Management
97, Contracts
98, Conversions
99, Copyright
100, Coronavirus
101, Countries
102, Coupons
103, Credit Cards
104, Crime
105, Crowdsourcing
106, Cryptocurrency
107, Currency
108, Customer Relationship Management
109, Customer Service
110, Customization
111, Cycling
112, Dashboards
113, Data
114, Data Mining
115, Data-as-a-Service
116, Database
117, Database-as-a-Service
118, Datacenter
119, Dating
120, Demographics
121, Design
122, DevOps
123, Developers
124, Dictionary
125, Dieting
126, Directories
127, Discounts
128, Documents
129, Domains
130, Drawing
131, Drugs
132, ERP
133, Earthquakes
134, Economics
135, Editing
136, Education
137, Electronic Signature
138, Email
139, Emergency
140, Encoding
141, Energy
142, Engagement
143, England
144, Enterprise
145, Entertainment
146, Environment
147, European
148, Events
149, Extraction
150, Family
151, Fantasy Sports
152, Fashion
153, Fax
154, Feedback
155, Feeds
156, File Sharing
157, Financial
158, Fitness
159, Flowers
160, Fonts
161, Food
162, Forms
163, Forums
164, Framework
165, French
166, Funding
167, Gadgets
168, Gambling
169, Games
170, Genealogy
171, Genetics
172, Geography
173, German
174, Gifts
175, Goals
176, Government
177, Graphics
178, Greek
179, Grocery
180, Guides
181, HTML5
182, Hacking
183, Haitian
184, Hardware
185, Health
186, Healthcare
187, History
188, Hobbies
189, Holidays
190, Home Automation
191, Hosting
192, Hotels
193, Housing
194, Human Resources
195, Humor
196, Identity
197, Images
198, Indian
199, Insurance
200, Integration
201, Intelligence
202, International
203, Internet of Things
204, Inventory
205, Invoicing
206, Italian
207, Italy
208, Japanese
209, Jobs
210, Keywords
211, Korean
212, Language
213, Languages
214, Law
215, Learning Management Systems
216, Library
217, Licensing
218, Lists
219, Localization
220, Location
221, Loyalty
222, Lyrics
223, Machine Learning
224, Mail
225, Management
226, Mapping
227, Marine
228, Marketing
229, Marketplace
230, Mashups
231, Math
232, Measurements
233, Media
234, Medical
235, Medicine
236, Meetings
237, Meme
238, Merchants
239, Messaging
240, Metadata
241, Mexican
242, Microservices
243, Migration
244, Military
245, Mobile
246, Models
247, Modules
248, Monetization
249, Monitoring
250, Motion
251, Mountains
252, Movies
253, Museums
254, Music
255, Names
256, Natural Language Processing
257, Nature
258, Networking
259, New York City
260, News Services
261, Newsletter
262, NoSQL
263, Non-Profit
264, Nordic
265, Notes
266, Notifications
267, Nutrition
268, OAuth
269, OCR
270, Office
271, Open Data
272, Open Source
273, Optimization
274, Ordering
275, Organization
276, Other
277, PDF
278, Pakistani
279, Panorama
280, Parking
281, Parsing
282, Passports
283, Patents
284, Payments
285, Performance
286, Personal Information Management
287, Pets
288, Photos
289, Planning
290, Platform-as-a-Service
291, Plugins
292, Podcasts
293, Police
294, Politics
295, Polls
296, Postal
297, Postcards
298, Postcodes
299, Predictions
300, Presentations
301, Prices
302, Printing
303, Privacy
304, Products
305, Profiles
306, Project Management
307, Protocol
308, Prototype
309, Publishing
310, Purchasing
311, Q&A
312, QR Codes
313, Quantified Self
314, RDF
315, REST
316, Random
317, Ratings
318, Real Estate
319, Real Time
320, Recognition
321, Recommendations
322, Recreation
323, Reference
324, Referrals
325, Refunds
326, Registration
327, Registry
328, Religion
329, Rentals
330, Reporting
331, Reputation
332, Reservations
333, Restaurants
334, Rewards
335, Robots
336, Romanian
337, Russian
338, SDK
339, SEO
340, SQL
341, Safety
342, Sales
343, Satellites
344, Scanning
345, Scheduling
346, Science
347, Scottish
348, Screenshots
349, Search
350, Security
351, Semantics
352, Sentiment
353, Shipping
354, Smartphone
355, Social
356, Software-as-a-Service
357, Solar
358, Spam
359, Spanish
360, Spelling
361, Sports
362, Spreadsheets
363, Standards
364, Statistics
365, Stocks
366, Storage
367, Streaming
368, Subscriptions
369, Subtitles
370, Summary
371, Supernatural
372, Supply Chain
373, Support
374, Surveys
375, Sustainability
376, Syncing
377, TV
378, Tagging
379, Tasks
380, Taxes
381, Teleconferencing
382, Telephony
383, Testing
384, Text
385, Text-to-Speech
386, Tickets
387, Time
388, Time Tracking
389, Tools
390, Torrents
391, Tourism
392, Training
393, Transactions
394, Transcoding
395, Transcription
396, Translation
397, Transparency
398, Transportation
399, Travel
400, Trivia
401, Tweets
402, URL Shortener
403, URLs
404, USA
405, Upload
406, Validation
407, Verification
408, Video
409, Viewer
410, Visas
411, Visualizations
412, VoIP
413, Voice
414, Voting
415, Water
416, Weapons
417, Wearable
418, Weather
419, Web Site Management
420, WebRTC
421, Webcams
422, Webhooks
423, Weddings
424, Wi-Fi
425, Widgets
426, Wiki
427, Wine
428, Wireless
429, Words
430, Writing
431, Zip Codes
432, eBooks
433, eCommerce
434, eSports
435, iPaaS
